Jogador,Clube Origem,Clube Destino
Abner,Juventude U20,EC Juventude
Adriano,Sport U20,Sport Recife
Adriano Martins,Atlético-GO,EC Juventude
Adriel,EC Bahia,Grêmio FBPA
Adriel,EC Bahia,Grêmio FBPA
Adriel,Grêmio FBPA,Athletic
Adryelson,Botafogo FR,Lyon
Adryelson,Lyon,Botafogo FR
Agustín Canobbio,Athletico Paranaense,Fluminense FC
Agustín Giay,San Lorenzo,SE Palmeiras
Agustín Marchesín,Grêmio FBPA,Boca Juniors
Agustín Rogel,Hertha Berlim,SC Internacional
Agustín Sant'Anna,River Plate,RB Bragantino
Alan Benítez,Cerro Porteño,SC Internacional
Alan Empereur,Cuiabá,Mirassol FC
Alan Empereur,Mirassol FC,Cuiabá
Alan Kardec,Atlético Mineiro,Athletico Paranaense
Alan Pedro,CSA,EC Vitória
Alan Pedro,EC Vitória,Altos
Alan Ruiz,Sport Recife,Estrela Amadora
Alejandro Martínez,CA Talleres,Ceará SC
Alerrandro,EC Vitória,RB Bragantino
Alerrandro,EC Vitória,RB Bragantino
Alerrandro,RB Bragantino,CSKA Moscou
Alex,Portuguesa,Santos FC
Alex,Santos FC,Athletic
Alex,Santos FC,Portuguesa
Alex Sandro,Juventus,CR Flamengo
Alex Santana,Athletico Paranaense,SC Corinthians
Alex Silva,Mirassol FC,Água Santa
Alex Teixeira,Sem clube,CR Vasco da Gama
Alex Telles,Al-Nassr,Botafogo FR
Alexander,Bangu,CR Vasco da Gama
Alexander,CR Vasco da Gama,Bangu
Alexander,CR Vasco da Gama,Capital-DF
Alexander,Ypiranga-RS,CR Vasco da Gama
Alexander Aravena,Univ. Católica,Grêmio FBPA
Alexandre Jesus,Botafogo-SP,Fluminense FC
Alexandre Jesus,Fluminense FC,Botafogo-SP
Alexandre Jesus,Fluminense FC,Botafogo-SP
Alexandro Bernabei,Celtic,SC Internacional
Alexandro Bernabei,SC Internacional,Celtic
Alexsander,Fluminense FC,Al-Ahli
Alfredo Morelos,Santos FC,Atl. Nacional
Alison,Santos FC,Londrina
Alisson,Atlético Mineiro,Shakhtar
Alisson Cassiano,Sport Recife,Botafogo-SP
Alisson Santos,EC Vitória,Leiria
Alisson Santos,Figueirense,EC Vitória
Alisson Santos,Leiria,EC Vitória
Allan,Al-Wahda,Botafogo FR
Allan,Palmeiras U20,SE Palmeiras
Allanzinho,Ferroviário,Fortaleza EC
Allyson,Cuiabá,Sport Recife
Allyson,Sport Recife,Botafogo-SP
Allyson,Sport Recife,Guarani
Alysson,Grêmio U20,Grêmio FBPA
Anderson,Cruzeiro EC,Atlético-GO
Andrey,Ceará SC,Coritiba
Andrey,Coritiba,Ceará SC
Andrey Quintino,Inter Limeira,Santos FC
André,Fluminense FC,Wolves
André Cardoso,Bragantino U20,RB Bragantino
André Cardoso,RB Bragantino,Tombense
André Carrillo,Al-Qadsiah,SC Corinthians
André Dhominique,Estrela Amadora,EC Bahia
André Luiz,CR Flamengo,Estrela Amadora
André Luiz,Estrela Amadora,CR Flamengo
André Ramalho,PSV,SC Corinthians
Antonio Galeano,Nacional,Ceará SC
Antônio Carlos,Fluminense FC,Sport
Antônio Carlos,Fluminense FC,Sport Recife
Arthur Gomes,Cruzeiro EC,Dínamo Moscou
Arthur Sousa,Corinthians B,RB Bragantino
Arthur Sousa,RB Bragantino,Sport
Arthur Sousa,RB Bragantino,Sport Recife
Arthur Wenderroscky,Fluminense FC,Wydad AC
Artur,Mirassol FC,Água Santa
Artur,Zenit,Botafogo FR
Baralhas,Atlético-GO,EC Vitória
Baralhas,Atlético-GO,SC Internacional
Baralhas,SC Internacional,Atlético-GO
Benjamín Garré,Krylya Samara,CR Vasco da Gama
Benjamín Kuscevic,Coritiba,Fortaleza EC
Benjamín Kuscevic,Fortaleza EC,Coritiba
Benjamín Rollheiser,Benfica,Santos FC
Bernard,Panathinaikos,Atlético Mineiro
Bernardo Schappo,Botafogo-SP,Fortaleza EC
Bernardo Schappo,Fortaleza EC,Vila Nova
Beto,Coruripe,Mirassol FC
Beto,Mirassol FC,Coruripe
Biel,EC Bahia,Sporting
Billy Arce,Once Caldas,Santos FC
Billy Arce,Santos FC,Atl. Nacional
Braian Aguirre,Lanús,SC Internacional
Brayan Ceballos,Dinamo de Kiev,Fortaleza EC
Brayan Ceballos,Fortaleza EC,Dinamo de Kiev
Brayan Ceballos,Fortaleza EC,New England
Brayan Ceballos,Junior FC,Fortaleza EC
Brenno,Bari,Grêmio FBPA
Brenno,Grêmio FBPA,Fortaleza EC
Brenno,Grêmio FBPA,Fortaleza EC
Breno,Botafogo FR,Figueirense
Breno,São Bernardo,Botafogo FR
Breno Lopes,Fortaleza EC,SE Palmeiras
Breno Lopes,Fortaleza EC,SE Palmeiras
Breno Lopes,SE Palmeiras,Fortaleza EC
Breno Lopes,SE Palmeiras,Fortaleza EC
Breno Sossai,Paranavaí,Santos FC
Breno Sossai,Santos FC,Joinville
Brian Carvalho,São Paulo FC,VRS Academy
Bruninho,Atlético Mineiro,Karpaty Lviv
Bruninho,Ceará SC,Atlético Mineiro
Bruninho,Ceará SC,Atlético Mineiro
Bruninho,RB Bragantino,Cercle Brügge
Bruno Fuchs,Atlético Mineiro,CSKA Moscou
Bruno Fuchs,Atlético Mineiro,SE Palmeiras
Bruno Fuchs,Atlético Mineiro,SE Palmeiras
Bruno Fuchs,CSKA Moscou,Atlético Mineiro
Bruno Marques,Botafogo-SP,Santos FC
Bruno Marques,Santos FC,Botafogo-SP
Bruno Marques,Santos FC,Sem clube
Bruno Matias,Mirassol FC,Chapecoense
Bruno Matias,Vila Nova,Mirassol FC
Bruno Melo,Coritiba,Fortaleza EC
Bruno Melo,Fortaleza EC,Coritiba
Bruno Tabata,Qatar SC,SE Palmeiras
Bruno Tabata,SE Palmeiras,SC Internacional
Bruno Tabata,SE Palmeiras,SC Internacional
Bruno Tubarão,Atlético-GO,Ceará SC
Bruno Uvini,EC Vitória,Fim de carreira
Bruno Xavier,EC Vitória,Vila Nova
Bruno Xavier,Ituano,EC Vitória
Cacá,SC Corinthians,Tokushima Vort.
Cacá,Tokushima Vort.,SC Corinthians
Caetano,SC Corinthians,Vissel Kobe
Caio Garcia,Flamengo U20,CR Flamengo
Caio Paulista,SE Palmeiras,Atlético Mineiro
Caio Paulista,SE Palmeiras,Atlético Mineiro
Caio Rafael,Ceará SC,Londrina
Caio Roque,EC Bahia,Volta Redonda
Caio Roque,Londrina,EC Bahia
Caio Vinicius,EC Vitória,Remo
Calegari,Fluminense FC,Famalicão
Camilo,Akhmat Grozny,Grêmio FBPA
Campanharo,Atlético-GO,SC Internacional
Campanharo,SC Internacional,Sem clube
Camutanga,EC Vitória,Remo
Carlinhos,CR Flamengo,EC Vitória
Carlinhos,CR Flamengo,EC Vitória
Carlos Alberto,Botafogo FR,Sport
Carlos Alberto,Botafogo FR,Sport Recife
Carlos Alberto,RWDM,Botafogo FR
Carlos Alcaraz,CR Flamengo,Everton
Carlos Alcaraz,Southampton,CR Flamengo
Carlos Eduardo,Alanyaspor,EC Vitória
Carlos Eduardo,EC Vitória,Mirassol
Carlos Eduardo,EC Vitória,Mirassol FC
Carlos Miguel,SC Corinthians,Nott'm Forest
Carlos de Pena,EC Bahia,Sem clube
Cauan Barros,Amazonas,CR Vasco da Gama
Cauan Barros,CR Vasco da Gama,América-MG
Cauã Paixão,CR Vasco da Gama,Polissya
Cauã Paixão,Vasco U20,CR Vasco da Gama
Caíque,Grêmio FBPA,Criciúma
Charles,Midtjylland,SC Corinthians
Charles Aránguiz,SC Internacional,U. de Chile
Chay,Botafogo FR,CRB
Chay,Botafogo FR,Volta Redonda
Chay,CRB,Botafogo FR
Chay,Guarani,Botafogo FR
Christian,Athletico Paranaense,Cruzeiro EC
Christian Rivera,Club Tijuana,Sport Recife
Chumbinho,Bragantino U20,RB Bragantino
Cicinho,EC Bahia,Noroeste
Cipriano,APOEL Nicósia,EC Juventude
Cipriano,APOEL Nicósia,Fluminense FC
Cipriano,Fluminense FC,APOEL Nicósia
Claudinho,Confiança,Cruzeiro EC
Claudinho,Criciúma,EC Vitória
Claudinho,Cruzeiro EC,Sem clube
Clayson,Cuiabá,Mirassol FC
Clayson,Mirassol FC,Coritiba
Clayton,AVS,SC Internacional
Clayton,CR Vasco da Gama,Rio Ave
Cléber,Ceará SC,Avaí
Cristian,Anápolis,Ceará SC
Cristian,Ceará SC,Alverca
Cristian Olivera,LAFC,Grêmio FBPA
Cristian Renato,Figueirense,Mirassol FC
Cristian Renato,Joinville,Mirassol FC
Cristian Renato,Mirassol FC,Joinville
Cristian Zapata,EC Vitória,A. Bucaramanga
Cássio,SC Corinthians,Cruzeiro EC
Cássio,SC Corinthians,Cruzeiro EC
Cédric Soares,Sem clube,São Paulo FC
César Augusto,Ceará SC,Nacional
César Augusto,Ceará SC,Nacional
César Augusto,Nacional,Ceará SC
César Haydar,Deportes Tolima,RB Bragantino
César Haydar,Kawasaki Front.,RB Bragantino
César Haydar,RB Bragantino,Kawasaki Front.
César Haydar,RB Bragantino,Kawasaki Front.
Da Silva,Aparecidense,Mirassol FC
Damián Suárez,Botafogo FR,Sem clube
Daniel Borges,América-MG,Botafogo FR
Daniel Borges,Botafogo FR,Mirassol
Daniel Borges,Botafogo FR,Mirassol FC
Daniel Cabral,CR Flamengo,Estrela Amadora
Daniel Fuzato,Eibar,CR Vasco da Gama
Daniel Giraldo,Millonarios,EC Juventude
Daniel Jr,América-MG,EC Vitória
Daniel Jr,EC Vitória,América-MG
Daniel Jr,EC Vitória,Portuguesa
Daniel Jr,Portuguesa,EC Vitória
Daniel Mazerochi,Treze,Ceará SC
Danielzinho,Atlético-GO,Fluminense FC
Danielzinho,Fluminense FC,Dibba Al-Hisn
Danilo,Juventus,CR Flamengo
Danilo Boza,EC Juventude,Urawa Reds
Davi Góes,Juventude U20,EC Juventude
Davi Schuindt,Fluminense U20,Fluminense FC
David,CR Vasco da Gama,SC Internacional
David,CR Vasco da Gama,SC Internacional
David,SC Internacional,CR Vasco da Gama
David,SC Internacional,CR Vasco da Gama
David Braz,Goiás,Mirassol FC
David Luiz,CR Flamengo,Fortaleza EC
David Luiz,CR Flamengo,Fortaleza EC
David Ricardo,Ceará SC,Botafogo FR
David Ricardo,Ceará SC,Botafogo FR
David Terans,Fluminense FC,Peñarol
David da Hora,Coritiba,EC Juventude
David da Hora,EC Juventude,Coritiba
Deivid Washington,Chelsea U21,Santos FC
Dellatorre,Mirassol FC,Coritiba
Denival,Pouso Alegre,Sport Recife
Denival,Sport Recife,Linense
Deyverson,Atlético Mineiro,Fortaleza EC
Deyverson,Atlético Mineiro,Fortaleza EC
Deyverson,Cuiabá,Atlético Mineiro
Diego Costa,Grêmio FBPA,Sem clube
Diego Costa,São Paulo FC,Krasnodar
Diego Gonçalves,EC Juventude,Mirassol
Diego Gonçalves,Juventude,Mirassol FC
Diego Gonçalves,Mirassol,EC Juventude
Diego Gonçalves,Mirassol FC,Criciúma
Diego Gonçalves,Mirassol FC,Juventude
Diego Hernández,Botafogo FR,Everton
Diego Hernández,Botafogo FR,León
Diego Hernández,León,Botafogo FR
Diego Rosa,EC Bahia,SC Internacional
Diego Rosa,EC Bahia,SC Internacional
Diego Rosa,Lommel SK,EC Bahia
Dieguinho,Goiás,Ceará SC
Dieguinho,Manauara,Sport Recife
Dieguinho,Sport Recife,Manauara
Diogo Barbosa,Fluminense FC,Fortaleza EC
Diogo Barbosa,Fluminense FC,Fortaleza EC
Dionísio,Brusque,EC Vitória
Dionísio,EC Vitória,Confiança
Dodô,Santos FC,Fim de carreira
Douglas Borel,EC Bahia,Sem clube
Douglas Borel,Goiás,EC Bahia
Douglas Borel,Portuguesa,EC Bahia
Douglas Costa,Fluminense FC,Sydney FC
Du Queiroz,Grêmio FBPA,Zenit
Du Queiroz,Zenit,Sport Recife
Dudu,Criciúma,Fortaleza EC
Dudu,Cruzeiro EC,Atlético Mineiro
Dudu,Cruzeiro EC,Atlético Mineiro
Dudu,EC Vitória,Novorizontino
Dudu,EC Vitória,Ponte Preta
Dudu,Fortaleza EC,Athletico Paranaense
Dudu,Fortaleza EC,Criciúma
Dudu,Novorizontino,EC Vitória
Dudu,SE Palmeiras,Cruzeiro EC
Dudu,SE Palmeiras,Cruzeiro EC
Dudu Miraíma,CSA,EC Vitória
Dudu Miraíma,EC Vitória,Noroeste
Dudu Miraíma,EC Vitória,São Bernardo
Dudu Miraíma,Noroeste,EC Vitória
Dudu Vieira,EC Juventude,Paysandu
Dudu Vieira,Ponte Preta,EC Juventude
Dylan Borrero,New England,Fortaleza EC
Dyogo Alves,Flamengo U20,CR Flamengo
Dênis Júnior,EC Bahia,Ferroviária
Dênis Júnior,Vila Nova,EC Bahia
Echaporã,Atlético Mineiro,Londrina
Echaporã,Atlético Mineiro,São Bernardo
Echaporã,Londrina,Atlético Mineiro
Echaporã,Remo,Atlético Mineiro
Ed Carlos,Betim Futebol,Santos FC
Ed Carlos,Santos FC,Niki Volos
Edinho,Fortaleza EC,Paysandu
Edinho,Paysandu,Fortaleza EC
Edson Carioca,EC Juventude,Azuriz
Edson Carioca,Goiás,Mirassol FC
Edu Ribeiro,Goiás,EC Vitória
Eduard Atuesta,LAFC,SE Palmeiras
Eduard Atuesta,SE Palmeiras,Orlando
Eduardo,Botafogo FR,Cruzeiro EC
Eduardo,Botafogo FR,Cruzeiro EC
Eduardo Vargas,Atlético Mineiro,Nacional
Elias Manoel,Salt Lake,Botafogo FR
Emerson Batalla,CA Talleres,EC Juventude
Emerson Galego,Petrolina,EC Juventude
Emerson Junior,Atlético-GO,SC Internacional
Emerson Junior,SC Internacional,Guarani
Emerson Rodríguez,CR Vasco da Gama,Miami
Emerson Rodríguez,Miami,CR Vasco da Gama
Emerson Urso,Botafogo FR,Vila Nova
Emerson Urso,Vila Nova,Botafogo FR
Emiliano Martínez,Midtjylland,SE Palmeiras
Endrick,SE Palmeiras,Real Madrid
Enzo,Mirassol FC,Santo André
Enzo,Santo André,Mirassol FC
Enzo Díaz,River Plate,São Paulo FC
Enzo Monteiro,Santos FC,Auda
Enzo Monteiro,Santos U20,Santos FC
Eric,Ceará SC,Ferroviária
Eric,Ceará SC,Jacuipense
Eric,Jacuipense,Ceará SC
Eric,Jacuipense,Ceará SC
Erick,Athletico Paranaense,EC Bahia
Erick,São Paulo FC,EC Vitória
Erick,São Paulo FC,EC Vitória
Erick Farias,EC Juventude,Ulsan HD
Erick Marcus,CR Vasco da Gama,Ludogorets
Erick Noriega,Alianza Lima,Grêmio FBPA
Erick Pulga,Ceará SC,EC Bahia
Erick Pulga,Ceará SC,EC Bahia
Eros Mancuso,Estudiantes LP,Fortaleza EC
Eryc Castillo,Coritiba,EC Vitória
Eryc Castillo,EC Vitória,Alianza Lima
Eryc Castillo,EC Vitória,Coritiba
Esquerdinha,Fluminense FC,QPR
Esquerdinha,Fluminense U20,Fluminense FC
Estêvão,Guarani,SC Internacional
Estêvão,Inter Limeira,SC Internacional
Estêvão,SC Internacional,Guarani
Estêvão,SC Internacional,Inter Limeira
Estêvão,SC Internacional,São José-RS
Estêvão,Vila Nova,SC Internacional
Everaldo,EC Bahia,Fluminense FC
Everaldo,EC Bahia,Fluminense FC
Everaldo,EC Vitória,Coritiba
Everton Bala,Levski Sofia,Mirassol FC
Everton Bala,Mirassol FC,Levski Sofia
Everton Galdino,FC Tokyo,Grêmio FBPA
Everton Galdino,Grêmio FBPA,FC Tokyo
Everton Galdino,Grêmio FBPA,FC Tokyo
Everton Moraes,EC Bahia,Ordabasy
Everton Moraes,Londrina,EC Bahia
Ewerthon,EC Juventude,Sport
Ewerthon,Juventude,Sport Recife
Fabiano,Moreirense,Ceará SC
Fabinho,SE Palmeiras,RB Bragantino
Fabinho,SE Palmeiras,RB Bragantino
Fabinho,Sport Recife,Retrô
Fabri,Levante,EC Vitória
Fabricio Bustos,SC Internacional,River Plate
Fabricio Dias,Fortaleza B,Fortaleza EC
Fabricio Dias,Fortaleza EC,Tombense
Fabricio Domínguez,Racing,Sport Recife
Fabricio Domínguez,Sport Recife,Racing
Fabrizio Angileri,Getafe,SC Corinthians
Fabrizio Peralta,Cerro Porteño,Cruzeiro EC
Fabrizio Peralta,Cruzeiro EC,Athletico Paranaense
Fabrício,Bragantino B,RB Bragantino
Fabrício,SC Internacional,Figueirense
Fabrício Bruno,CR Flamengo,Cruzeiro EC
Fabrício Bruno,CR Flamengo,Cruzeiro EC
Fabrício Daniel,São Bernardo,Mirassol FC
Facundo Barceló,Ceará SC,Goiás
Facundo Bernal,Defensor SC,Fluminense FC
Facundo Castro,Ceará SC,Palestino
Facundo Torres,Orlando,SE Palmeiras
Fagner,SC Corinthians,Cruzeiro EC
Fagner,SC Corinthians,Cruzeiro EC
Fausto Vera,SC Corinthians,Atlético Mineiro
Fausto Vera,SC Corinthians,Atlético Mineiro
Felipe,Sport Recife,Goiás
Felipe Alves,Fluminense FC,Noroeste
Felipe Anderson,Lazio,SE Palmeiras
Felipe Andrade,Fluminense FC,Fluminense U23
Felipe Andrade,Fluminense FC,Houston
Felipe Carballo,Grêmio FBPA,New York
Felipe Cardoso,Atl. Alagoinhas,EC Vitória
Felipe Longo,Corinthians U20,SC Corinthians
Felipe Melo,Fluminense FC,Fim de carreira
Felipe Negrucci,São Paulo U20,São Paulo FC
Felipe Scheibig,Grêmio FBPA,Confiança
Felipe Valdívia,Mirassol FC,União São João
Felipe Valdívia,União São João,Mirassol FC
Felipe Vieira,EC Vitória,Chapecoense
Felipinho,Sport,EC Juventude
Felipinho,Sport Recife,Juventude
Fernandinho,Mirassol,Ceará SC
Fernandinho,Mirassol FC,Ceará SC
Fernando,RB Salzburg,RB Bragantino
Fernando Costa,Bragantino U20,RB Bragantino
Fernando Henrique,Cruzeiro EC,CRB
Fernando Henrique,Cruzeiro EC,Portuguesa
Fernando Henrique,Portuguesa,Cruzeiro EC
Fernando Henrique,Vila Nova,Cruzeiro EC
Fernando Sobral,Cuiabá,Ceará SC
Figueiredo,CR Vasco da Gama,América-MG
Figueiredo,Coritiba,CR Vasco da Gama
Filipe Machado,Cruzeiro EC,EC Vitória
Filipe Machado,Cruzeiro EC,EC Vitória
Filipe Machado,EC Vitória,Coritiba
Francis Amuzu,Anderlecht,Grêmio FBPA
Fábio,Grêmio FBPA,Fim de carreira
Fábio Gomes,Atlético Mineiro,Bolívar
Fábio Gomes,Paços Ferreira,Atlético Mineiro
Fábio Gomes,Sydney FC,Atlético Mineiro
Fábio Matheus,Sport Recife,Novorizontino
Fábio Soares,EC Vitória,Ferroviária
Gabriel,Athletico Paranaense,SC Internacional
Gabriel,Coritiba,EC Vitória
Gabriel,Cuiabá,Mirassol FC
Gabriel,EC Juventude,Coritiba
Gabriel,SC Internacional,RB Bragantino
Gabriel,SC Internacional,RB Bragantino
Gabriel Barbosa,CR Flamengo,Cruzeiro EC
Gabriel Barbosa,CR Flamengo,Cruzeiro EC
Gabriel Barros,Atlético-GO,SC Internacional
Gabriel Barros,Avaí,SC Internacional
Gabriel Barros,SC Internacional,Avaí
Gabriel Barros,SC Internacional,Criciúma
Gabriel Bontempo,Santos U20,Santos FC
Gabriel Carabajal,Puebla FC,Santos FC
Gabriel Carabajal,Santos FC,Newell's
Gabriel Fuentes,Junior FC,Fluminense FC
Gabriel Grando,Cruzeiro EC,Grêmio FBPA
Gabriel Grando,Cruzeiro EC,Grêmio FBPA
Gabriel Inocêncio,EC Juventude,Chapecoense
Gabriel Lacerda,Sydney FC,Ceará SC
Gabriel Mec,Grêmio U20,Grêmio FBPA
Gabriel Menino,SE Palmeiras,Atlético Mineiro
Gabriel Menino,SE Palmeiras,Atlético Mineiro
Gabriel Moscardo,SC Corinthians,PSG
Gabriel Neves,Independiente,São Paulo FC
Gabriel Neves,São Paulo FC,Estudiantes LP
Gabriel Noga,CR Flamengo,Leixões
Gabriel Noga,Leixões,CR Flamengo
Gabriel Novaes,Ponte Preta,RB Bragantino
Gabriel Novaes,RB Bragantino,Criciúma
Gabriel Pires,Fluminense FC,Panserraikos
Gabriel Santiago,ABC,EC Vitória
Gabriel Santiago,EC Vitória,Figueirense
Gabriel Silva,Grêmio FBPA,Hercílio Luz
Gabriel Silva,Hercílio Luz,Grêmio FBPA
Gabriel Silva,Inter Limeira,Grêmio FBPA
Gabriel Silva,Sampaio Corrêa,Grêmio FBPA
Gabriel Souza,Cianorte,EC Juventude
Gabriel Souza,Portimonense 23,EC Bahia
Gabriel Toebe,Avenida,Botafogo FR
Gabriel Toebe,Botafogo FR,Avenida
Gabriel Veron,Cruzeiro EC,FC Porto
Gabriel Veron,FC Porto,Santos FC
Garcia,SE Palmeiras,Nacional
Gary Medel,CR Vasco da Gama,Boca Juniors
Gastón Ávila,Ajax,Fortaleza EC
Gazão,Grêmio FBPA,São Bento
Gazão,Sampaio Corrêa,Grêmio FBPA
Giovanny,GX Pingguo,EC Juventude
Giuliano,Santos FC,Athletico Paranaense
Giuliano Galoppo,São Paulo FC,River Plate
Gonzalo Escobar,Fortaleza EC,Santos FC
Gonzalo Escobar,Fortaleza EC,Santos FC
Gonzalo Escobar,Santos FC,Fortaleza EC
Gonzalo Escobar,Santos FC,Fortaleza EC
Gonzalo Mastriani,Athletico Paranaense,Botafogo FR
Gonzalo Plata,Al-Sadd,CR Flamengo
Gonçalo Paciência,Sanf. Hiroshima,Sport Recife
Guilherme Biro,SC Corinthians,Sharjah FC
Guilherme Cachoeira,Fortaleza EC,CSA
Guilherme Cachoeira,Remo,Fortaleza EC
Guilherme Castilho,Ceará SC,EC Juventude
Guilherme Castilho,Ceará SC,FC Juárez
Guilherme Castilho,Ceará SC,FC Juárez
Guilherme Castilho,Ceará SC,Juventude
Guilherme Castilho,EC Juventude,Ceará SC
Guilherme Castilho,FC Juárez,Ceará SC
Guilherme Castilho,Juventude,Ceará SC
Guilherme Pato,Figueirense,Mirassol FC
Guilherme Pato,Mirassol FC,América-MG
Guilherme Paz,São Paulo FC,Sem clube
Gustavo,Criciúma,EC Juventude
Gustavo Apis,Nova Iguaçu,Fluminense FC
Gustavo Coutinho,Sport Recife,Coritiba
Gustavo Cuéllar,Al-Shabab,Grêmio FBPA
Gustavo Henrique,EC Bahia,Portuguesa
Gustavo Maia,Náutico,Sport Recife
Gustavo Mancha,Fortaleza U20,Fortaleza EC
Gustavo Nunes,Grêmio FBPA,Brentford
Gustavo Sauer,Botafogo FR,Cuiabá
Gustavo Sauer,Botafogo FR,WH Three Towns
Gustavo Sauer,C. Rizespor,Botafogo FR
Gustavo Sauer,Cuiabá,Botafogo FR
Gustavo Silva,SC Corinthians,EC Vitória
Gustavo Silva,SC Corinthians,EC Vitória
Guzmán Rodríguez,Peñarol,RB Bragantino
Habraão,Chapecoense,Fortaleza EC
Habraão,Fortaleza EC,Athletico Paranaense
Habraão,Fortaleza EC,Santa Clara
Habraão,Santa Clara,Fortaleza EC
Halls,CR Vasco da Gama,Vila Nova
Halls,Vila Nova,CR Vasco da Gama
Hayner,Azuriz,Santos FC
Hayner,Santos FC,Azuriz
Hayner,Santos FC,CRB
Helibelton Palacios,Cruzeiro EC,Millonarios
Helibelton Palacios,Cruzeiro EC,Sport
Helibelton Palacios,Cruzeiro EC,Sport Recife
Helibelton Palacios,Sport,Cruzeiro EC
Helibelton Palacios,Sport Recife,Cruzeiro EC
Helinho,RB Bragantino,Toluca
Henri,Mirassol,SE Palmeiras
Henri,Mirassol FC,SE Palmeiras
Henri,SE Palmeiras,CRB
Henrique Rodrigues,Cruzeiro EC,Betim Futebol
Henrique Rodrigues,Figueirense,Cruzeiro EC
Hereda,CRB,Sport Recife
Hugo,Botafogo FR,EC Vitória
Hugo,Botafogo FR,EC Vitória
Hugo,EC Vitória,Botafogo FR
Hugo,EC Vitória,Botafogo FR
Hugo Leonardo,São Paulo U20,São Paulo FC
Hugo Mallo,SC Internacional,Aris Saloniki
Hugo Moura,Athletico Paranaense,CR Vasco da Gama
Hugo Moura,CR Vasco da Gama,Athletico Paranaense
Hugo Souza,CR Flamengo,SC Corinthians
Hugo Souza,CR Flamengo,SC Corinthians
Hugo Souza,CR Flamengo,SC Corinthians
Hugo Souza,CR Flamengo,SC Corinthians
Hugo Souza,Chaves,CR Flamengo
Hugo Souza,SC Corinthians,CR Flamengo
Hugo Souza,SC Corinthians,CR Flamengo
Hyoran,SC Internacional,Sport
Hyoran,SC Internacional,Sport Recife
Héctor Hernández,Chaves,SC Corinthians
Hércules,Fortaleza EC,Fluminense FC
Hércules,Fortaleza EC,Fluminense FC
Iago,Augsburg,EC Bahia
Ian Luccas,Cruzeiro EC,Ferroviária
Ian Luccas,Goiás,Cruzeiro EC
Iba Ly,Inter Limeira,São Paulo FC
Iba Ly,São Paulo FC,Inter Limeira
Iba Ly,São Paulo FC,Retrô
Ignacio Laquintana,RB Bragantino,Santos FC
Ignacio Laquintana,RB Bragantino,Santos FC
Ignacio Laquintana,Santos FC,RB Bragantino
Ignacio Laquintana,Santos FC,RB Bragantino
Ignácio,Sport. Cristal,Fluminense FC
Igo Gabriel,Botafogo FR,Botafogo U23
Igo Gabriel,Confiança,Botafogo FR
Igor Cariús,Suspensão,Sport Recife
Igor Gomes,SC Internacional,Shabab Al-Ahli
Igor Jesus,CR Flamengo,Estrela Amadora
Igor Jesus,Shabab Al-Ahli,Botafogo FR
Igor Serrote,Grêmio U20,Grêmio FBPA
Igor Torres,Al-Khaldiya FC,Fortaleza EC
Igor Torres,Aparecidense,Fortaleza EC
Igor Torres,Fortaleza EC,Al-Khaldiya FC
Igor Torres,Fortaleza EC,Portuguesa
Igor Torres,Vila Nova,Fortaleza EC
Imanol Machuca,Fortaleza EC,Vélez Sarsfield
Isaac,Atlético Mineiro,Nacional
Isaac,Fluminense FC,Athletico Paranaense
Isaque,Mirassol FC,Guarani
Isidro Pitta,Cuiabá,RB Bragantino
Iury Castilho,EC Vitória,Mirassol
Iury Castilho,EC Vitória,Mirassol FC
Iury Castilho,Mirassol FC,Coritiba
Ivan Cavaleiro,RB Bragantino,Sem clube
Ivan Cavaleiro,Sem clube,RB Bragantino
Ivonei,Santos FC,Al-Bataeh CSC
Iván Román,Palestino,Atlético Mineiro
JP,CR Vasco da Gama,Avaí
JP Galvão,Botafogo FR,Botafogo U23
JP Galvão,Chapecoense,Botafogo FR
Jacob Montes,Botafogo FR,RWDM
Jadsom,RB Bragantino,Al-Wahda
Jair Cunha,Santos FC,Botafogo FR
Jair Cunha,Santos FC,Botafogo FR
Jamal Lewis,Newcastle,São Paulo FC
Jamal Lewis,São Paulo FC,Newcastle
Jamerson,Coritiba,EC Vitória
James Rodríguez,São Paulo FC,Rayo Vallecano
Janderson,Atlético-GO,Ceará SC
Janderson,Ceará SC,Atlético-GO
Janderson,Ceará SC,Remo
Janderson,Flu-PI U20,Cruzeiro EC
Jean Carlos,EC Juventude,Criciúma
Jean Irmer,Ceará SC,Novorizontino
Jean Meneses,Toluca,CR Vasco da Gama
Jean Mota,EC Vitória,Vila Nova
Jefferson,Botafogo FR,Portimonense
Jeffinho,Botafogo FR,Lyon
Jeffinho,Lyon,Botafogo FR
Jefté,APOEL Nicósia,Fluminense FC
Jefté,Fluminense FC,Rangers
Jemerson,Atlético Mineiro,Grêmio FBPA
Jemerson,Atlético Mineiro,Grêmio FBPA
Jemmes,Mirassol FC,Vila Nova
Jemmes,Vila Nova,Mirassol FC
Jemmes,Vila Nova,Mirassol FC
Jhegson Méndez,Elche,São Paulo FC
Jhegson Méndez,São Paulo FC,Independiente
Jhoanner Chávez,EC Bahia,Lens
Jhoanner Chávez,Lens,EC Bahia
Jhon Jhon,SE Palmeiras,RB Bragantino
Jhon Jhon,SE Palmeiras,RB Bragantino
Jhonata Robert,Grêmio FBPA,Criciúma
Jhonnathan,Chapecoense,Santos FC
Jhonnathan,Santos FC,Chapecoense
Jhonny,Coritiba,Fluminense FC
Jhonny,Fluminense FC,Volta Redonda
Jhosefer,Cruzeiro EC,América-MG
Jhosefer,Cruzeiro U20,Cruzeiro EC
Joaquim,Santos FC,Tigres UANL
Joaquín Lavega,River Plate,Fluminense FC
Johan Caicedo,RB Bragantino,Deportivo Pasto
Johan Carbonero,Racing,SC Internacional
John Kennedy,Fluminense FC,Pachuca
John Lessa,EC Vitória,Barcelona-BA
John Lessa,Itabuna,EC Vitória
Jonathan Jesus,Ceará SC,Cruzeiro EC
Jonathan Jesus,Ceará SC,Cruzeiro EC
Jordan,Sport Recife,Brusque
Jorge,Santos FC,SE Palmeiras
Jorge,Santos FC,SE Palmeiras
Jorge Meurer,Gaúcho,Grêmio FBPA
Jorginho,Coimbra,Mirassol FC
Jorginho,Mirassol FC,Coimbra
José Aldo,Ituano,Mirassol FC
José Cifuentes,Cruzeiro EC,Rangers
José Martínez,Philadelphia,SC Corinthians
Jota,Bahia U20,EC Bahia
Jotavê,Ceará SC,Sem clube
João Basso,Estoril,Santos FC
João Fernandes,Santos U20,Santos FC
João Lucas,EC Juventude,Santos FC
João Lucas,Juventude,Santos FC
João Lucas,Santos FC,Grêmio FBPA
João Lucas,Santos FC,Grêmio FBPA
João Marcelo,Cruzeiro EC,FC Porto B
João Marcelo,FC Porto B,Cruzeiro EC
João Marcelo,Guarani,Atlético Mineiro
João Moreira,São Paulo FC,FC Porto B
João Neto,CRB,Fluminense FC
João Neto,Famalicão S23,RB Bragantino
João Neto,Fluminense FC,Portimonense
João Pedro,CRB,EC Vitória
João Pedro,Cruzeiro EC,Mirassol
João Pedro,Cruzeiro EC,Mirassol FC
João Pedro,Cruzeiro EC,Tombense
João Pedro,EC Vitória,Kyoto Sanga
João Pedro,Grêmio FBPA,Fenerbahce
João Pedro,Mirassol,Cruzeiro EC
João Pedro,Mirassol FC,Cruzeiro EC
João Silva,KV Kortrijk,Sport Recife
João Vitor,EC Juventude,Monsoon
Juan,São Paulo FC,Southampton
Juan Cazares,Santos FC,Paysandu
Juan Dinenno,Cruzeiro EC,São Paulo FC
Juan Dinenno,Cruzeiro EC,São Paulo FC
Juan Pablo Freytes,Alianza Lima,Fluminense FC
Juan Xavier,Botafogo-PB,Sport Recife
Juan Xavier,Jaguar-PE,Sport Recife
Juan Xavier,Sport Recife,ASA
Juan Xavier,Sport Recife,Jaguar-PE
Julián Fernández,Newell's,Sport Recife
Julián Fernández,Sport Recife,Newell's
Juninho,Midtjylland,SC Internacional
Juninho,Qarabağ,CR Flamengo
Júlio Cesar,Atlético Mineiro,Joinville
Júlio Cesar,Santo André,Atlético Mineiro
Júnior Alonso,Krasnodar,Atlético Mineiro
Júnior Santos,Botafogo FR,Atlético Mineiro
Júnior Santos,Botafogo FR,Atlético Mineiro
Kaio Jorge,Juventus,Cruzeiro EC
Kaique,Ceará SC,Flamengo-SP U20
Kaique Kenji,Cruzeiro U20,Cruzeiro EC
Kaique Pereira,SE Palmeiras,Farense
Kaique Rocha,Athletico Paranaense,SC Internacional
Kauan,Inter U20,SC Internacional
Kauan,Mirassol FC,Prudente-SP
Kauan,Náutico,Mirassol FC
Kauan Lindes,Coimbra U20,Botafogo FR
Kauan Rodrigues,Fortaleza EC,Atlético-GO
Kauã Elias,Fluminense FC,Shakhtar
Kauã Prates,Cruzeiro U17,Cruzeiro EC
Kauê,Corinthians U20,SC Corinthians
Kawan,Botafogo FR,EC Juventude
Kawan,Botafogo FR,Juventude
Kawan,Botafogo U23,Botafogo FR
Kayke,Botafogo U20,Botafogo FR
Kayke,Corinthians U20,SC Corinthians
Kayky,Man City U21,EC Bahia
Kayque,Botafogo FR,Spartak
Kayque,Guarani,Botafogo FR
Keiller,SC Internacional,Ceará SC
Keiller,SC Internacional,Ceará SC
Kelvi Gomes,Concórdia,EC Juventude
Kelvi Gomes,EC Juventude,Guarani
Kelvyn,Ceará SC,Caxias
Kelvyn,Chapecoense,Ceará SC
Kevin Lomónaco,RB Bragantino,Independiente
Kevin Lomónaco,Tigre,RB Bragantino
Kevin Serna,Alianza Lima,Fluminense FC
Kleiton Pego,EC Juventude,Tombense
Lautaro Díaz,Independiente,Cruzeiro EC
Leandrinho,CR Vasco da Gama,Al-Shabab
Leandrinho,Cianorte,RB Bragantino
Leandrinho,RB Bragantino,Sem clube
Leandro Mathias,São Paulo U20,São Paulo FC
Lelê,Ceará SC,Fluminense FC
Lelê,Ceará SC,Fluminense FC
Lelê,Fluminense FC,Ceará SC
Lelê,Fluminense FC,Ceará SC
Lenny Lobato,Vélez Sarsfield,Sport Recife
Leonan Santos,Capivariano,Mirassol FC
Leonardo Godoy,Athletico Paranaense,Santos FC
Leonardo Zabala,Santos FC,Cancún FC
Leonel Di Plácido,Lanús,Sport Recife
Lincoln,RB Bragantino,Fenerbahce
Liziero,Yverdon Sport,São Paulo FC
Loide Augusto,Alanyaspor,CR Vasco da Gama
Luan,EC Vitória,São Paulo FC
Luan,EC Vitória,São Paulo FC
Luan,SE Palmeiras,Toluca
Luan Cândido,RB Bragantino,Grêmio FBPA
Luan Cândido,RB Bragantino,Grêmio FBPA
Luan Peres,Fenerbahce,Santos FC
Luca Meirelles,Santos U20,Santos FC
Luca Orellano,CR Vasco da Gama,Cincinnati
Luca Orellano,Cincinnati,CR Vasco da Gama
Lucas Alario,SC Internacional,Estudiantes LP
Lucas André,Sport Recife,Barra
Lucas Barbosa,EC Juventude,Santos FC
Lucas Barbosa,Juventude,Santos FC
Lucas Barbosa,Santos FC,RB Bragantino
Lucas Barbosa,Santos FC,RB Bragantino
Lucas Besozzi,Grêmio FBPA,Lanús
Lucas Braga,Santos FC,EC Vitória
Lucas Braga,Santos FC,EC Vitória
Lucas Braga,Shimizu S-Pulse,Santos FC
Lucas Cunha,RB Bragantino,Sport
Lucas Cunha,RB Bragantino,Sport Recife
Lucas Eduardo,CR Vasco da Gama,Cuiabá
Lucas Eduardo,Vasco U20,CR Vasco da Gama
Lucas Esteves,EC Vitória,Grêmio FBPA
Lucas Esteves,EC Vitória,Grêmio FBPA
Lucas Evangelista,RB Bragantino,SE Palmeiras
Lucas Evangelista,RB Bragantino,SE Palmeiras
Lucas Fernandes,Botafogo FR,Portimonense
Lucas Ferreira,São Paulo U20,São Paulo FC
Lucas Freitas,EC Juventude,SE Palmeiras
Lucas Freitas,Juventude,SE Palmeiras
Lucas Freitas,SE Palmeiras,CR Vasco da Gama
Lucas Freitas,SE Palmeiras,CR Vasco da Gama
Lucas Gazal,Mirassol FC,Atlético-GO
Lucas Halter,Botafogo FR,EC Vitória
Lucas Halter,Botafogo FR,EC Vitória
Lucas Lima,Santos FC,Sport
Lucas Lima,Santos FC,Sport Recife
Lucas Lima,Sport,Santos FC
Lucas Lima,Sport Recife,Santos FC
Lucas Lima,São Bernardo,Ceará SC
Lucas Mezenga,Botafogo FR,Al-Orooba
Lucas Mezenga,CD Tondela,Botafogo FR
Lucas Mila,Grêmio FBPA,Tombense
Lucas Oliveira,ABC,CR Vasco da Gama
Lucas Oliveira,CR Vasco da Gama,Nacional-AM
Lucas Oliveira,Cruzeiro EC,CR Vasco da Gama
Lucas Oliveira,Cruzeiro EC,CR Vasco da Gama
Lucas Oliveira,Cruzeiro EC,Kyoto Sanga
Lucas Oliveira,Kyoto Sanga,Cruzeiro EC
Lucas Oliveira,Valladolid,Cruzeiro EC
Lucas Pires,Cádiz CF,Santos FC
Lucas Pires,Santos FC,FC Burnley
Lucas Ramos,Auda,SC Internacional
Lucas Ramos,SC Internacional,Ypiranga-RS
Lucas Rian,Ceará SC,Matsumoto Yama.
Lucas Rian,Ceará SC,São Bernardo
Lucas Rian,Matsumoto Yama.,Ceará SC
Lucas Rian,Matsumoto Yama.,Ceará SC
Lucas Ribeiro,Ceará SC,Goiás
Lucas Ribeiro,Goiás,Ceará SC
Lucas Silva,Marítimo,Mirassol FC
Lucas Silva,Mirassol FC,FC Seoul
Lucas Villalba,Argentinos Jrs.,Cruzeiro EC
Lucas Villalba,Cruzeiro EC,Argentinos Jrs.
Lucas Wingert,EC Juventude,Operário-PR
Lucca,São Paulo U20,São Paulo FC
Luciano,Sport Recife,Ypiranga-RS
Luciano Castán,Sport Recife,Criciúma
Luciano Rodríguez,Liverpool FC,EC Bahia
Luighi,Palmeiras U20,SE Palmeiras
Luis Benedetti,Palmeiras U20,SE Palmeiras
Luis Orejuela,Indep. Medellín,São Paulo FC
Luis Orejuela,São Paulo FC,Sem clube
Luis Otávio,Inter U17,SC Internacional
Luis Segovia,Botafogo FR,CRB
Luis Segovia,Botafogo FR,CRB
Luis Segovia,CRB,Botafogo FR
Luisão,Novorizontino,Santos FC
Luiz Adriano,EC Vitória,Sem clube
Luiz Daniel,Ceará SC,Londrina
Luiz Daniel,Floresta,Ceará SC
Luiz Felipe,Santos FC,Goiás
Luiz Filipe,Atlético Mineiro,Mirassol
Luiz Filipe,Atlético Mineiro,Mirassol FC
Luiz Filipe,São Bernardo,Atlético Mineiro
Luiz Gustavo,Vasco U20,CR Vasco da Gama
Luiz Henrique,Botafogo FR,Zenit
Luiz Henrique,Ipatinga,Santos FC
Luiz Henrique,Santos FC,São Joseense
Luquinhas,Fortaleza EC,Legia Varsóvia
Luís Guilherme,SE Palmeiras,West Ham
Luís Oyama,Botafogo FR,Novorizontino
Luís Oyama,EC Juventude,Botafogo FR
Luís Oyama,Juventude,Botafogo FR
Lyanco,Southampton,Atlético Mineiro
Lázaro,SE Palmeiras,UD Almería
Léo,CR Vasco da Gama,Athletico Paranaense
Léo Cittadini,SH Port,EC Bahia
Léo Gamalho,EC Vitória,Mirassol
Léo Gamalho,EC Vitória,Mirassol FC
Léo Linck,Athletico Paranaense,Botafogo FR
Léo Naldi,EC Vitória,Atlético-GO
Léo Natel,Melbourne City,SC Corinthians
Léo Natel,SC Corinthians,Pafos
Léo Pereira,CRB,EC Vitória
Léo Rafael,Ceará SC,Sem clube
Léo Rafael,Ceará SC,Villa Nova
Léo Rafael,Ferroviário,Ceará SC
Léo Rafael,Villa Nova,Ceará SC
Léo Realpe,RB Bragantino,Famalicão
MT,CR Vasco da Gama,Santa Clara
MT,Santa Clara,CR Vasco da Gama
Maceió,Portuguesa,Mirassol FC
Magrão,Rio Ave,Fortaleza EC
Maicon,CR Vasco da Gama,Coritiba
Manuel Capasso,Olimpia,CR Vasco da Gama
Marcelinho,EC Juventude,Tombense
Marcelo,Fluminense FC,Sem clube
Marcelo Ajul,Jaguar-PE,Sport Recife
Marcelo Ajul,Maguary,Sport Recife
Marcelo Ajul,Sport Recife,Athletic
Marcelo Ajul,Sport Recife,Jaguar-PE
Marcelo Ajul,Sport Recife,Vitória-PE
Marcelo Ajul,Vitória-PE,Sport Recife
Marcelo Benevenuto,Coritiba,Fortaleza EC
Marcelo Benevenuto,Fortaleza EC,Criciúma
Marcelo Pitaluga,Liverpool,Fluminense FC
Marco Antônio,EC Vitória,Londrina
Marco Antônio,Náutico,EC Vitória
Marcos Antônio,Lazio,São Paulo FC
Marcos Paulo,Ceará SC,Taquaritinga
Marcos Paulo,Maricá,Ceará SC
Marcos Paulo,Nova Iguaçu,EC Juventude
Marcos Victor,Athletico Paranaense,EC Bahia
Marcos Victor,EC Bahia,Athletico Paranaense
Marcos Victor,EC Bahia,Ceará SC
Marcos Victor,EC Bahia,Ceará SC
Marcão,Amazonas,EC Juventude
Mariano,Atlético Mineiro,América-MG
Marllon,Cuiabá,Ceará SC
Marlon,Cruzeiro EC,Grêmio FBPA
Marlon,Cruzeiro EC,Grêmio FBPA
Marlon,Fluminense FC,Shakhtar
Marquinhos,Arsenal,Cruzeiro EC
Marquinhos,CSA,Mirassol FC
Marquinhos,Fluminense FC,Arsenal
Marquinhos,Mirassol FC,Volta Redonda
Martin Braithwaite,Espanyol,Grêmio FBPA
Marçal,Botafogo FR,Sem clube
Marçal,Sem clube,Botafogo FR
Mateo Gamarra,Athletico Paranaense,Cruzeiro EC
Mateus Claus,EC Juventude,Sem clube
Mateus Gonçalves,EC Vitória,Goiás
Mateus Vital,Cruzeiro EC,SH Port
Mateus Xavier,Santos U20,Santos FC
Matheus Alexandre,Cuiabá,Sport Recife
Matheus Alves,São Paulo U20,São Paulo FC
Matheus Araújo,SC Corinthians,Ceará SC
Matheus Araújo,SC Corinthians,Ceará SC
Matheus Babi,Athletico Paranaense,EC Juventude
Matheus Belém,São Paulo FC,Chapecoense
Matheus Bianqui,Coritiba,Mirassol FC
Matheus Cadorini,Ituano,SC Internacional
Matheus Cadorini,SC Internacional,Real Murcia
Matheus Davó,América-MG,Cruzeiro EC
Matheus Davó,Cruzeiro EC,Mirassol
Matheus Davó,Cruzeiro EC,Mirassol FC
Matheus Davó,Mirassol FC,Remo
Matheus Davó,Pafos,Cruzeiro EC
Matheus Dias,SC Internacional,Nacional
Matheus Felipe,Ceará SC,Athletico Paranaense
Matheus Henrique,Sassuolo,Cruzeiro EC
Matheus Martins,Udinese,Botafogo FR
Matheus Mendes,Atlético Mineiro,América-MG
Matheus Nascimento,Botafogo FR,LA Galaxy
Matheus Pereira,Al-Hilal,Cruzeiro EC
Matheus Pereira,Cruzeiro EC,Al-Hilal
Matheus Pereira,Eibar,Fortaleza EC
Matheus Sales,Ulsan HD,Mirassol FC
Matheus Teixeira,Criciúma,EC Bahia
Matheus Teixeira,EC Bahia,Rio Ave
Matheus Vargas,EC Juventude,Buriram Utd.
Matías Arezo,Granada CF,Grêmio FBPA
Matías Galarza,CA Talleres,CR Vasco da Gama
Matías Galarza,CR Vasco da Gama,CA Talleres
Matías Segovia,Botafogo FR,Al-Ain
Matías Segovia,RWDM,Botafogo FR
Matías Zaracho,Atlético Mineiro,Racing
Mauricio,SC Internacional,SE Palmeiras
Mauricio,SC Internacional,SE Palmeiras
Mauricio Kozlinski,Fortaleza EC,Vila Nova
Mauricio Lemos,Atlético Mineiro,CR Vasco da Gama
Mauricio Lemos,Atlético Mineiro,CR Vasco da Gama
Maurício Garcez,Avaí,EC Juventude
Maxime Dominguez,CR Vasco da Gama,Toronto
Maxime Dominguez,Gil Vicente,CR Vasco da Gama
Maycon Cleiton,Ceará SC,EC Vitória
Maycon Cleiton,Ceará SC,EC Vitória
Maycon Cleiton,EC Vitória,Portimonense
Maykon Jesus,Atlético Mineiro,EC Vitória
Maykon Jesus,Atlético Mineiro,EC Vitória
Maykon Jesus,Atlético Mineiro,Noroeste
Maykon Jesus,Atlético-MG U20,Atlético Mineiro
Maykon Jesus,Noroeste,Atlético Mineiro
Memphis Depay,Sem clube,SC Corinthians
Micael,Houston,SE Palmeiras
Michael,Al-Hilal,CR Flamengo
Michel,SE Palmeiras,Moreirense
Michel Araújo,Fluminense FC,São Paulo FC
Michel Araújo,Fluminense FC,São Paulo FC
Michel Araújo,São Paulo FC,EC Bahia
Michel Araújo,São Paulo FC,EC Bahia
Michel Araújo,São Paulo FC,Fluminense FC
Michel Araújo,São Paulo FC,Fluminense FC
Miguel Monsalve,Indep. Medellín,Grêmio FBPA
Miguelito,Santos FC,América-MG
Miqueias,EC Bahia,América-MG
Miqueias,Ituano,EC Bahia
Miranda,Amazonas,CR Vasco da Gama
Miranda,CR Vasco da Gama,CRB
Mohamed El Arouch,Botafogo FR,Sem clube
Mohamed El Arouch,Lyon,Botafogo FR
Muriel,EC Vitória,Náutico
Murilo Rhikman,Cruzeiro U20,Cruzeiro EC
Natanael,Coritiba,Atlético Mineiro
Nathan,Famalicão,Santos FC
Nathan,Santos FC,SC Internacional
Nathan,Santos FC,SC Internacional
Nathan Fernandes,Grêmio FBPA,Botafogo FR
Nathan Fernandes,Grêmio FBPA,Botafogo FR
Natã,Grêmio FBPA,EC Juventude
Natã,Grêmio FBPA,Juventude
Neris,Cruzeiro EC,EC Vitória
Neris,Cruzeiro EC,EC Vitória
Neto,Villa Nova,Atlético Mineiro
Neto Moura,Cruzeiro EC,Mirassol
Neto Moura,Cruzeiro EC,Mirassol FC
Neto Moura,Mirassol,Cruzeiro EC
Neto Moura,Mirassol FC,Cruzeiro EC
Newton,Criciúma,Botafogo FR
Neymar,Al-Hilal,Santos FC
Nicolas,América-MG,Ceará SC
Nicolás Acevedo,EC Bahia,New York City
Nicolás Acevedo,New York City,EC Bahia
Nikão,Athletico Paranaense,São Paulo FC
Nikão,São Paulo FC,GD GZ-Power
Nonato,Santos FC,Fluminense FC
Nonato,Santos FC,Fluminense FC
Nuno Moreira,Casa Pia,CR Vasco da Gama
Oscar,SH Port,São Paulo FC
Otávio,Atlético Mineiro,Fluminense FC
Otávio,Atlético Mineiro,Fluminense FC
Otávio Costa,Cruzeiro U20,Cruzeiro EC
PH,Mirassol FC,Noroeste
PK,EC Vitória,Paysandu
Pablo,Athletico Paranaense,Sport Recife
Pablo,Botafogo FR,CR Flamengo
Pablo,Botafogo FR,CR Flamengo
Pablo,Ceará SC,Treze
Pablo,EC Vitória,Guarani
Pablo,Treze,Ceará SC
Pablo,Vitória U20,EC Vitória
Pablo Dyego,Sport Recife,Novorizontino
Pablo Galdames,CR Vasco da Gama,Independiente
Patrick,Palmeiras U20,Atlético Mineiro
Patrick,Santos FC,Athletico Paranaense
Patrick de Lucca,CR Vasco da Gama,Cuiabá
Patrick de Lucca,Ceará SC,CR Vasco da Gama
Patrick de Lucca,Ceará SC,CR Vasco da Gama
Patrick de Paula,Botafogo FR,Criciúma
Patrick de Paula,Criciúma,Botafogo FR
Paulinho,Atlético Mineiro,SE Palmeiras
Paulinho,Atlético Mineiro,SE Palmeiras
Paulinho,Botafogo-PB,Sport Recife
Paulinho,SC Corinthians,Fim de carreira
Paulinho,Sport Recife,Oeste
Paulinho,Vasco U20,CR Vasco da Gama
Paulinho Bóia,Mirassol FC,Paysandu
Paulo Baya,Primavera,Fluminense FC
Paulo Victor,Ceará SC,SC Internacional
Paulo Victor,Ceará SC,SC Internacional
Paulo Victor,SC Internacional,Farense
Paulo Vitor,Atlético Mineiro,Criciúma
Paulo Vítor,Cruzeiro EC,Portimonense
Paulo Vítor,Novorizontino,Cruzeiro EC
Pedrinho,Atlético Mineiro,Shakhtar
Pedrinho,Avaí,Ceará SC
Pedrinho,Ceará SC,Seoul E-Land
Pedrinho,SC Corinthians,Wydad AC
Pedrinho,Santos FC,Loko Moscou
Pedro Bez,EC Juventude,Marcílio Dias
Pedro Bez,EC Juventude,Portimonense 23
Pedro Bez,Portimonense 23,EC Juventude
Pedro Bicalho,Alverca,SE Palmeiras
Pedro Geromel,Grêmio FBPA,Fim de carreira
Pedro Henrique,SC Corinthians,Ceará SC
Pedro Henrique,SC Corinthians,Ceará SC
Pedro Lima,Norwich U21,SE Palmeiras
Pedro Lima,SE Palmeiras,NK Osijek
Pedro Lima,Sport Recife,Wolves
Pedro Martins,Sport Recife,Chapecoense
Pedro Rangel,Atlético-GO,Fluminense FC
Pedro Rangel,Fluminense FC,Coritiba
Pedro Raul,SC Corinthians,Ceará SC
Pedro Raul,SC Corinthians,Ceará SC
Pedro Rocha,Criciúma,Fortaleza EC
Pedro Rocha,Fortaleza EC,Criciúma
Pedro Rocha,Fortaleza EC,Remo
Pedro Vilhena,Ponte Preta,São Paulo FC
Pedro Vilhena,Sport,São Paulo FC
Pedro Vilhena,Sport Recife,São Paulo FC
Pedro Vilhena,São Paulo FC,Ponte Preta
Pedrão,Cruzeiro EC,Avaí
Pepê,Grêmio FBPA,EC Vitória
Pepê,Grêmio FBPA,EC Vitória
Petterson,Athletico Paranaense,CR Flamengo
Petterson,CR Flamengo,EC Juventude
Petterson,CR Flamengo,Estrela Amadora
Petterson,CR Flamengo,Juventude
Petterson,Estrela Amadora,CR Flamengo
Philipe Sampaio,Atlético-GO,Botafogo FR
Philipe Sampaio,Botafogo FR,Atlético-GO
Philipe Sampaio,RWDM,Botafogo FR
Philippe Coutinho,Aston Villa,CR Vasco da Gama
Pol Fernández,Boca Juniors,Fortaleza EC
Praxedes,Athletico Paranaense,RB Bragantino
Praxedes,CR Vasco da Gama,RB Bragantino
Praxedes,CR Vasco da Gama,RB Bragantino
Praxedes,RB Bragantino,Athletico Paranaense
Quirino,Mirassol FC,Ferroviária
Rafa Silva,Cruzeiro EC,Mirassol
Rafa Silva,Cruzeiro EC,Mirassol FC
Rafael,Botafogo FR,Fim de carreira
Rafael Bilu,Cruzeiro EC,CRB
Rafael Cabral,Cruzeiro EC,Salt Lake
Rafael Cabral,Grêmio FBPA,Cruzeiro EC
Rafael Cabral,Grêmio FBPA,Cruzeiro EC
Rafael Elias,Cruzeiro EC,Kyoto Sanga
Rafael Elias,Cruzeiro EC,Kyoto Sanga
Rafael Elias,Kyoto Sanga,Cruzeiro EC
Rafael Lobato,Botafogo U20,Botafogo FR
Rafael Navarro,Colorado,SE Palmeiras
Rafael Navarro,SE Palmeiras,Colorado
Rafael Ramos,Ceará SC,SC Corinthians
Rafael Ramos,Ceará SC,SC Corinthians
Rafael Ramos,SC Corinthians,Ceará SC
Rafael Ramos,SC Corinthians,Ceará SC
Rafael Ratão,EC Bahia,Cerezo Osaka
Rafael Silva,Inter Limeira,Mirassol FC
Rafael Silva,Mirassol FC,Inter Limeira
Rafinha,Ceará SC,Tombense
Rafinha,Chapecoense,EC Juventude
Rafinha,EC Juventude,Chapecoense
Rafinha,EC Juventude,Fim de carreira
Rafinha,São Paulo FC,Coritiba
Rafinha,Tombense,Ceará SC
Ramiro,Cruzeiro EC,Dallas
Ramon,Olympiacos,SC Internacional
Raul,RB Bragantino,Athletico Paranaense
Raul Gustavo,SC Corinthians,Ferencváros
Raí,Boavista,Botafogo FR
Raí,Botafogo FR,Boavista
Raí,Botafogo FR,Volta Redonda
Raí,CRB,Botafogo FR
Raí Ramos,Ceará SC,São Paulo FC
Raí Ramos,Ceará SC,São Paulo FC
Raí Ramos,São Paulo FC,Atlético-GO
Reginaldo,Ordabasy,EC Juventude
Reinaldo,Grêmio FBPA,Mirassol
Reinaldo,Grêmio FBPA,Mirassol FC
Renan,EC Juventude,Sport
Renan,Juventude,Sport Recife
Renan,Santos FC,Amazonas
Renan,Sport,Santos FC
Renan,Sport Recife,Santos FC
Renato Augusto,Fluminense FC,Sem clube
Renato Kayzer,Fortaleza EC,EC Vitória
Renato Kayzer,Fortaleza EC,EC Vitória
Renato Santos,Corinthians U20,SC Corinthians
Renato Santos,SC Corinthians,Atlético-GO
Renê,SC Internacional,Fluminense FC
Renê,SC Internacional,Fluminense FC
Reynaldo,EC Vitória,Coritiba
Ricardo Mathias,Inter U20,SC Internacional
Ricardo Ryller,Al-Fayha,EC Vitória
Rildo,EC Juventude,Santa Clara
Riquelme,Fluminense U20,Fluminense FC
Riquelme,Sport,CR Vasco da Gama
Riquelme,Sport Recife,CR Vasco da Gama
Riquelmy,Cruzeiro EC,Betim Futebol
Riquelmy,Londrina,Cruzeiro EC
Robert,Atlético-MG U20,Atlético Mineiro
Robert,Copenhague,Cruzeiro EC
Robert,Cruzeiro EC,Copenhague
Robert,Cruzeiro EC,Copenhague
Robert Renan,SC Internacional,Zenit
Robert Rojas,CR Vasco da Gama,River Plate
Robert Santos,Athletic,Atlético Mineiro
Robert Santos,Atlético Mineiro,Athletic
Robert Santos,Atlético Mineiro,Atlético-GO
Roberto Fernández,Botafogo FR,Cerro Porteño
Roberto Rosales,Sport Recife,Táchira
Robson Reis,Náutico,Santos FC
Robson Reis,Santos FC,Retrô
Rodrigo,CR Vasco da Gama,Bandirma Spor
Rodrigo Andrade,EC Vitória,Goiás
Rodrigo Andrade,EC Vitória,Mirassol
Rodrigo Andrade,EC Vitória,Mirassol FC
Rodrigo Andrade,Mirassol,EC Vitória
Rodrigo Andrade,Mirassol FC,EC Vitória
Rodrigo Atencio,Independiente,Sport Recife
Rodrigo Battaglia,Atlético Mineiro,Boca Juniors
Rodrigo Bazilio,Athletic,Cruzeiro EC
Rodrigo Bazilio,Cruzeiro EC,Joinville
Rodrigo Bazilio,Cruzeiro EC,Joinville
Rodrigo Bazilio,Joinville,Cruzeiro EC
Rodrigo Caio,Grêmio FBPA,Fim de carreira
Rodrigo Fernández Cedrés,Newell's,Santos FC
Rodrigo Fernández Cedrés,Santos FC,Independiente
Rodrigo Ferreira,Santos FC,São Bernardo
Rodrigo Nestor,São Paulo FC,EC Bahia
Rodrigo Nestor,São Paulo FC,EC Bahia
Rodrigo Santos,Maringá,Fortaleza EC
Rodriguinho,América-MG,Cruzeiro EC
Romércio,EC Juventude,Botafogo-PB
Ronald,Criciúma,Fortaleza EC
Ronald,Fortaleza EC,EC Vitória
Ronald,Fortaleza EC,EC Vitória
Ronaldo,Atlético-GO,EC Bahia
Ronaldo,EC Juventude,SC Internacional
Ronaldo,Juventude,SC Internacional
Ronaldo,Sem clube,EC Juventude
Roni,Atlético-GO,SC Corinthians
Roni,SC Corinthians,Mirassol
Roni,SC Corinthians,Mirassol FC
Ronie Carrillo,EC Juventude,Botafogo-SP
Ronie Carrillo,EC Juventude,Inter Limeira
Ronie Carrillo,Inter Limeira,EC Juventude
Ronie Carrillo,Portimonense,EC Juventude
Rony,SE Palmeiras,Atlético Mineiro
Rony,SE Palmeiras,Atlético Mineiro
Rossi,CR Vasco da Gama,Paysandu
Ruan,EC Juventude,Portimonense
Ruan,Sassuolo,São Paulo FC
Ruan Carneiro,Figueirense,EC Juventude
Ruan Nascimento,Confiança,EC Vitória
Ruan Nascimento,EC Vitória,Itabuna
Ruan Nascimento,Itabuna,EC Vitória
Ruan Oliveira,SC Corinthians,Metropolitano
Ruan Ribeiro,Inter Limeira,SE Palmeiras
Ruan Ribeiro,Paysandu,SE Palmeiras
Ruan Ribeiro,SE Palmeiras,Inter Limeira
Ruan Ribeiro,SE Palmeiras,Vila Nova
Ruan Santos,Cruzeiro EC,Al-Bataeh CSC
Ruan Santos,Vila Nova,Cruzeiro EC
Rubens,Chapecoense,Grêmio FBPA
Rubens,Grêmio FBPA,Chapecoense
Rubén Lezcano,Libertad,Fluminense FC
Rwan Cruz,Ludogorets,Botafogo FR
Rwan Cruz,Ludogorets,Santos FC
Ryan Carlos,CRB,EC Bahia
Ryan Carlos,EC Bahia,CRB
Ryan Carlos,EC Bahia,Chornomorets
Ryan Francisco,São Paulo U20,São Paulo FC
Rómulo Otero,Santos FC,Nacional
Rômulo,SC Internacional,Tigres UANL
Rômulo,SE Palmeiras,Ceará SC
Rômulo,SE Palmeiras,Ceará SC
Sammuel,ABC,Fortaleza EC
Sammuel,Fortaleza EC,ASA
Sandry,Santos FC,Athletic
Santiago Longo,Belgrano,São Paulo FC
Santiago Longo,São Paulo FC,Belgrano
Santiago Ramos Mingo,Def y Justicia,EC Bahia
Santiago Rodríguez,New York City,Botafogo FR
Santos,Fortaleza EC,Athletico Paranaense
Saulo Mineiro,Ceará SC,SH Shenhua
Serafim,Botafogo U20,Botafogo FR
Serginho,CR Vasco da Gama,Criciúma
Serginho,CR Vasco da Gama,Karagümrük
Serginho,Criciúma,CR Vasco da Gama
Serginho,Santos FC,Maringá
Souza,Basaksehir,CR Vasco da Gama
Stevanato,Hercílio Luz,São Paulo FC
Stênio,AVS,Cruzeiro EC
Stênio,Cruzeiro EC,Karpaty Lviv
Sérgio Oliveira,Olympiacos,Sport Recife
Tailson,Santos FC,ACSM Poli Iasi
Talisson,Ceará SC,RB Bragantino
Talisson,Ceará SC,RB Bragantino
Talisson,RB Bragantino,Ceará SC
Talisson,RB Bragantino,Ceará SC
Talisson,RB Bragantino,Criciúma
Talles Magno,New York City,SC Corinthians
Tchoca,Ceará SC,SC Corinthians
Tchoca,Ceará SC,SC Corinthians
Tchoca,SC Corinthians,Ceará SC
Tchoca,SC Corinthians,Ceará SC
Tchê Tchê,Botafogo FR,CR Vasco da Gama
Tchê Tchê,Botafogo FR,CR Vasco da Gama
Tevis,Cruzeiro EC,Athletico Paranaense
Tevis,Cruzeiro U20,Cruzeiro EC
Thaciano,EC Bahia,Santos FC
Thaciano,EC Bahia,Santos FC
Thalys,Palmeiras U20,SE Palmeiras
Thauan Lara,Fortaleza EC,SC Internacional
Thauan Lara,Fortaleza EC,SC Internacional
Thauan Lara,SC Internacional,Alverca
Thiago Almada,Atlanta,Botafogo FR
Thiago Almada,Botafogo FR,Lyon
Thiago Galhardo,Fortaleza EC,Santa Cruz
Thiago Galhardo,Goiás,Fortaleza EC
Thiago Maia,CR Flamengo,SC Internacional
Thiago Maia,CR Flamengo,SC Internacional
Thiago Maia,SC Internacional,CR Flamengo
Thiago Maia,SC Internacional,CR Flamengo
Thiago Silva,Chelsea,Fluminense FC
Thiaguinho,CR Flamengo,CRB
Thiaguinho,EC Juventude,EC Vitória
Thiaguinho,EC Vitória,Operário-PR
Thiaguinho,Juventude,EC Vitória
Thiaguinho,Treze,CR Flamengo
Thomazella,Mirassol FC,Portuguesa
Thomazella,Portuguesa,Mirassol FC
Thomazella,Portuguesa,Mirassol FC
Thonny  Anderson,Ituano,RB Bragantino
Thonny  Anderson,RB Bragantino,Tokushima Vort.
Tiago,Bahia U20,EC Bahia
Tiago Volpi,Toluca,Grêmio FBPA
Tiquinho Soares,Botafogo FR,Santos FC
Tiquinho Soares,Botafogo FR,Santos FC
Titi,Fortaleza EC,Goiás
Tobias Figueiredo,Criciúma,Fortaleza EC
Tobias Figueiredo,Fortaleza EC,Athletico Paranaense
Tomás Cardona,Fortaleza EC,CA Talleres
Tomás Cuello,Athletico Paranaense,Atlético Mineiro
Ulisses,CR Vasco da Gama,Nacional
Ulisses,Nacional,CR Vasco da Gama
Val Soares,EC Vitória,Ventforet Kofu
Val Soares,Marítimo,EC Vitória
Valentín Adamo,Botafogo FR,Boston River
Valentín Adamo,Unión Española,Botafogo FR
Vanderlei,Mirassol FC,São Bernardo
Victor Cuesta,EC Bahia,Newell's
Victor Hugo,CR Flamengo,Göztepe
Victor Hugo,Cascavel,Fluminense FC
Viery,Grêmio U20,Grêmio FBPA
Vina,Al-Hazem,Ceará SC
Vina,Ceará SC,Al-Jubail
Vinicius Balieiro,Santos FC,Chapecoense
Vinicius Lira,Santos U20,Santos FC
Vinni Faria,Sport Recife,Cianorte
Vinícius Lopes,Botafogo FR,Santa Clara
Vinícius Lopes,Santa Clara,Botafogo FR
Vinícius Paiva,CR Vasco da Gama,Vila Nova
Vinícius Paiva,Ituano,CR Vasco da Gama
Vitinho,Atlético Mineiro,RFS
Vitinho,Atlético-MG U20,Atlético Mineiro
Vitinho,Bahia U20,EC Bahia
Vitinho,Cruzeiro EC,Goiás
Vitinho,Dinamo de Kiev,SC Internacional
Vitinho,FC Burnley,Botafogo FR
Vitinho,Noroeste,RB Bragantino
Vitinho,Novorizontino,SE Palmeiras
Vitinho,RB Bragantino,Dinamo de Kiev
Vitinho,RB Bragantino,Noroeste
Vitinho,SE Palmeiras,Novorizontino
Vitinho Mota,Bragantino U20,RB Bragantino
Vitinho Mota,Desp. Brasil,RB Bragantino
Vitinho Mota,RB Bragantino,Desp. Brasil
Vitinho Mota,RB Bragantino,Londrina
Vitor Hugo,EC Bahia,Atlético Mineiro
Vitor Hugo,EC Bahia,Atlético Mineiro
Vitor Hugo,Panathinaikos,EC Bahia
Vitor Marinho,ABC,Botafogo FR
Vitor Marinho,Botafogo FR,Ypiranga-RS
Vitor Pernambuco,Al-Dhafra FC,EC Juventude
Vitor Reis,SE Palmeiras,Man City
Vitor Roque,Barcelona,SE Palmeiras
Vitão,SC Internacional,Shakhtar
Vitão,Shakhtar,SC Internacional
Vladimir,Guarani,Santos FC
Vladimir,Santos FC,Atlético-GO
Wagner Leonardo,EC Vitória,Grêmio FBPA
Wagner Leonardo,EC Vitória,Grêmio FBPA
Walace,Udinese,Cruzeiro EC
Wallace Davi,Fluminense U17,Fluminense FC
Wallace Yan,Flamengo U20,CR Flamengo
Walter,Cuiabá,Mirassol FC
Wanderson,EC Vitória,Amazonas
Wanderson,EC Vitória,Sul América-AM
Wanderson,Itabuna,EC Vitória
Wanderson,Mirassol FC,CRB
Wanderson,SC Internacional,Cruzeiro EC
Wanderson,SC Internacional,Cruzeiro EC
Wanderson,Sul América-AM,EC Vitória
Warley,Mirassol FC,Torpedo Kutaisi
Welington,São Paulo FC,Southampton
Wellington Alves,Inter Bebedouro,Mirassol FC
Wellington Alves,Mirassol FC,Jacobina
Wellington Rato,São Paulo FC,EC Vitória
Wellington Rato,São Paulo FC,EC Vitória
Wellington Silva,QD Hainiu,Sport Recife
Wellington Silva,Sport Recife,QD Hainiu
Wendel,FC Porto B,Santos FC
Wendel,Santos FC,FC Porto B
Wendell,FC Porto,São Paulo FC
Werik Popó,EC Juventude,RB Bragantino
Werik Popó,Juventude,RB Bragantino
Werik Popó,RB Bragantino,Criciúma
Wesley,SC Corinthians,Al-Nassr
Wesley Gasolina,Cruzeiro EC,Athletic
Weslley Patati,Santos FC,M. Tel Aviv
Weverton,Betim Futebol,Cruzeiro EC
Weverton,Cruzeiro EC,Betim Futebol
Weverton,Cruzeiro EC,Vila Nova
Wilker Ángel,Criciúma,EC Juventude
Willean Lepo,EC Vitória,Goiás
William Gomes,São Paulo FC,FC Porto
Willian Bigode,Fluminense FC,Santos FC
Willian Bigode,Fluminense FC,Santos FC
Willian Bigode,Santos FC,América-MG
Willian Bigode,Santos FC,Fluminense FC
Willian Bigode,Santos FC,Fluminense FC
Willian José,Spartak Moscou,EC Bahia
Willian Machado,Operário-PR,Ceará SC
Yago Felipe,EC Bahia,Mirassol
Yago Felipe,EC Bahia,Mirassol FC
Yago Lincoln,Ceará SC,Londrina
Yan Souto,CRB,EC Juventude
Yan Souto,EC Juventude,CRB
Yan Souto,EC Juventude,Criciúma
Yan Souto,Goiás,EC Juventude
Yannick Bolasie,Criciúma,Cruzeiro EC
Yarlen,Botafogo U20,Botafogo FR
Yeferson Soteldo,Grêmio FBPA,Santos FC
Yeferson Soteldo,Grêmio FBPA,Santos FC
Yeferson Soteldo,Santos FC,Fluminense FC
Yeferson Soteldo,Santos FC,Fluminense FC
Yony González,Atlético-GO,Fluminense FC
Yony González,Fluminense FC,Paysandu
Yony González,Fluminense FC,Sem clube
Yony González,Paysandu,Fluminense FC
Yuri Lima,Mirassol FC,Sem clube
Yuri Sena,Azuriz,EC Vitória
Yuri Sena,CSA,EC Vitória
Yuri Sena,EC Vitória,Azuriz
Yuri Sena,EC Vitória,Jequié
Yusupha Njie,Al-Markhiya SC,Santos FC
Zeca,EC Vitória,Mirassol
Zeca,EC Vitória,Mirassol FC
Zeca,Mirassol FC,Coritiba
Zinho,Grêmio FBPA,Portimonense
Zinho,Portimonense,Grêmio FBPA
Zé Gabriel,CR Vasco da Gama,Coritiba
Zé Gabriel,CR Vasco da Gama,Sem clube
Zé Gabriel,Coritiba,CR Vasco da Gama
Zé Hugo,EC Vitória,Azuriz
Zé Ivaldo,Cruzeiro EC,Santos FC
Zé Ivaldo,Cruzeiro EC,Santos FC
Zé Lucas,Sport U17,Sport Recife
Zé Marcos,EC Juventude,EC Vitória
Zé Marcos,Juventude,EC Vitória
Zé Mário,Mirassol FC,Ponte Preta
Zé Mário,Ponte Preta,Mirassol FC
Zé Rafael,SE Palmeiras,Santos FC
Zé Rafael,SE Palmeiras,Santos FC
Zé Roberto,Sport,Ceará SC
Zé Roberto,Sport Recife,Ceará SC
Zé Vitor,CR Vasco da Gama,Boavista
Zé Vitor,CR Vasco da Gama,Leiria
Zé Vitor,Maringá,Mirassol FC
Zé Vitor,Volta Redonda,CR Vasco da Gama
Zé Vitor,Ypiranga-RS,CR Vasco da Gama
Álvaro Barreal,Cincinnati,Santos FC
Álvaro Barreal,Cruzeiro EC,Cincinnati
Éder,América-MG,Ceará SC
Ênio,Amazonas,EC Juventude
Ênio,Amazonas,EC Juventude
Óscar Estupiñán,EC Bahia,Hull City
Óscar Romero,Botafogo FR,Sem clube
Óscar Romero,Sem clube,SC Internacional
